analysis_id	ancestry	N_ancestry
sex_female_meta	AFR	1000
sex_female_meta	AMR	1000
sex_female_meta	EAS	1000
sex_female_meta	EUR	1000
sex_male_meta	AFR	1000
sex_male_meta	AMR	1000
sex_male_meta	EAS	1000
sex_male_meta	EUR	1000
generation1_meta	AFR	1000
generation1_meta	AMR	1000
generation1_meta	EAS	1000
generation1_meta	EUR	1000
generation2_meta	AFR	1000
generation2_meta	AMR	1000
generation2_meta	EAS	1000
generation2_meta	EUR	1000
generation3_meta	AFR	1000
generation3_meta	AMR	1000
generation3_meta	EAS	1000
generation3_meta	EUR	1000
generation4_meta	AFR	1000
generation4_meta	AMR	1000
generation4_meta	EAS	1000
generation4_meta	EUR	1000
